{
  "_format": "hh-sol-cache-2",
  "files": {
    "E:\\project\\upwork\\chainfuse\\contract\\contracts\\Lock.sol": {
      "lastModificationDate": 1670007722578,
      "contentHash": "ae66265769cc28ebdaa34881df95bc5e",
      "sourceName": "contracts/Lock.sol",
      "solcConfig": {
        "version": "0.8.17",
        "settings": {
          "optimizer": {
            "enabled": false,
            "runs": 200
          },
          "outputSelection": {
            "*": {
              "*": [
                "abi",
                "evm.bytecode",
                "evm.deployedBytecode",
                "evm.methodIdentifiers",
                "metadata"
              ],
              "": [
                "ast"
              ]
            }
          }
        }
      },
      "imports": [],
      "versionPragmas": [
        "^0.8.9"
      ],
      "artifacts": [
        "Lock"
      ]
    },
    "E:\\project\\upwork\\chainfuse\\contract\\contracts\\Token.sol": {
      "lastModificationDate": 1670030249183,
      "contentHash": "d32614fd4c0d1189b34e13ca26580e73",
      "sourceName": "contracts/Token.sol",
      "solcConfig": {
        "version": "0.8.17",
        "settings": {
          "optimizer": {
            "enabled": false,
            "runs": 200
          },
          "outputSelection": {
            "*": {
              "*": [
                "abi",
                "evm.bytecode",
                "evm.deployedBytecode",
                "evm.methodIdentifiers",
                "metadata"
              ],
              "": [
                "ast"
              ]
            }
          }
        }
      },
      "imports": [],
      "versionPragmas": [
        "^0.8.9"
      ],
      "artifacts": [
        "Token"
      ]
    },
    "E:\\project\\upwork\\chainfuse\\contract\\contracts\\extensions\\IERC1155MetadataURI.sol": {
      "lastModificationDate": 1670097250147,
      "contentHash": "9148c2e10c4efb12c71a7f080da5559b",
      "sourceName": "contracts/extensions/IERC1155MetadataURI.sol",
      "solcConfig": {
        "version": "0.8.17",
        "settings": {
          "optimizer": {
            "enabled": false,
            "runs": 200
          },
          "outputSelection": {
            "*": {
              "*": [
                "abi",
                "evm.bytecode",
                "evm.deployedBytecode",
                "evm.methodIdentifiers",
                "metadata"
              ],
              "": [
                "ast"
              ]
            }
          }
        }
      },
      "imports": [
        "../IERC1155.sol"
      ],
      "versionPragmas": [
        "^0.8.0"
      ],
      "artifacts": [
        "IERC1155MetadataURI"
      ]
    },
    "E:\\project\\upwork\\chainfuse\\contract\\contracts\\IERC1155.sol": {
      "lastModificationDate": 1670097545738,
      "contentHash": "e92fc295e03c656520bfe39b03b45e17",
      "sourceName": "contracts/IERC1155.sol",
      "solcConfig": {
        "version": "0.8.17",
        "settings": {
          "optimizer": {
            "enabled": false,
            "runs": 200
          },
          "outputSelection": {
            "*": {
              "*": [
                "abi",
                "evm.bytecode",
                "evm.deployedBytecode",
                "evm.methodIdentifiers",
                "metadata"
              ],
              "": [
                "ast"
              ]
            }
          }
        }
      },
      "imports": [
        "./utils/introspection/IERC165.sol"
      ],
      "versionPragmas": [
        "^0.8.0"
      ],
      "artifacts": [
        "IERC1155"
      ]
    },
    "E:\\project\\upwork\\chainfuse\\contract\\contracts\\utils\\introspection\\IERC165.sol": {
      "lastModificationDate": 1670097250149,
      "contentHash": "03e6768535ac4da0e9756f1d8a4a018a",
      "sourceName": "contracts/utils/introspection/IERC165.sol",
      "solcConfig": {
        "version": "0.8.17",
        "settings": {
          "optimizer": {
            "enabled": false,
            "runs": 200
          },
          "outputSelection": {
            "*": {
              "*": [
                "abi",
                "evm.bytecode",
                "evm.deployedBytecode",
                "evm.methodIdentifiers",
                "metadata"
              ],
              "": [
                "ast"
              ]
            }
          }
        }
      },
      "imports": [],
      "versionPragmas": [
        "^0.8.0"
      ],
      "artifacts": [
        "IERC165"
      ]
    },
    "E:\\project\\upwork\\chainfuse\\contract\\contracts\\Factory.sol": {
      "lastModificationDate": 1670098255376,
      "contentHash": "222abc3b27c1b274d2f56008d2d9ee8c",
      "sourceName": "contracts/Factory.sol",
      "solcConfig": {
        "version": "0.8.17",
        "settings": {
          "optimizer": {
            "enabled": false,
            "runs": 200
          },
          "outputSelection": {
            "*": {
              "*": [
                "abi",
                "evm.bytecode",
                "evm.deployedBytecode",
                "evm.methodIdentifiers",
                "metadata"
              ],
              "": [
                "ast"
              ]
            }
          }
        }
      },
      "imports": [
        "./IERC1155.sol",
        "./IERC1155Receiver.sol",
        "./extensions/IERC1155MetadataURI.sol",
        "./utils/Address.sol",
        "./utils/Context.sol",
        "./utils/introspection/ERC165.sol",
        "hardhat/console.sol",
        "@openzeppelin/contracts/utils/Strings.sol",
        "@openzeppelin/contracts/utils/Counters.sol",
        "@openzeppelin/contracts/security/ReentrancyGuard.sol"
      ],
      "versionPragmas": [
        "^0.8.0"
      ],
      "artifacts": [
        "ChainFuseFactory",
        "LibraryLock",
        "LibraryLockDataLayout",
        "ManagerDataLayout",
        "Proxiable"
      ]
    },
    "E:\\project\\upwork\\chainfuse\\contract\\contracts\\IERC1155Receiver.sol": {
      "lastModificationDate": 1670097563991,
      "contentHash": "da8bf0b1984c7c2fffc78bcf5a870531",
      "sourceName": "contracts/IERC1155Receiver.sol",
      "solcConfig": {
        "version": "0.8.17",
        "settings": {
          "optimizer": {
            "enabled": false,
            "runs": 200
          },
          "outputSelection": {
            "*": {
              "*": [
                "abi",
                "evm.bytecode",
                "evm.deployedBytecode",
                "evm.methodIdentifiers",
                "metadata"
              ],
              "": [
                "ast"
              ]
            }
          }
        }
      },
      "imports": [
        "./utils/introspection/IERC165.sol"
      ],
      "versionPragmas": [
        "^0.8.0"
      ],
      "artifacts": [
        "IERC1155Receiver"
      ]
    },
    "E:\\project\\upwork\\chainfuse\\contract\\contracts\\utils\\Context.sol": {
      "lastModificationDate": 1670097250148,
      "contentHash": "5f2c5c4b6af2dd4551027144797bc8be",
      "sourceName": "contracts/utils/Context.sol",
      "solcConfig": {
        "version": "0.8.17",
        "settings": {
          "optimizer": {
            "enabled": false,
            "runs": 200
          },
          "outputSelection": {
            "*": {
              "*": [
                "abi",
                "evm.bytecode",
                "evm.deployedBytecode",
                "evm.methodIdentifiers",
                "metadata"
              ],
              "": [
                "ast"
              ]
            }
          }
        }
      },
      "imports": [],
      "versionPragmas": [
        "^0.8.0"
      ],
      "artifacts": [
        "Context"
      ]
    },
    "E:\\project\\upwork\\chainfuse\\contract\\contracts\\utils\\Address.sol": {
      "lastModificationDate": 1670097250147,
      "contentHash": "02560bbb9e081911e486286da3fa761f",
      "sourceName": "contracts/utils/Address.sol",
      "solcConfig": {
        "version": "0.8.17",
        "settings": {
          "optimizer": {
            "enabled": false,
            "runs": 200
          },
          "outputSelection": {
            "*": {
              "*": [
                "abi",
                "evm.bytecode",
                "evm.deployedBytecode",
                "evm.methodIdentifiers",
                "metadata"
              ],
              "": [
                "ast"
              ]
            }
          }
        }
      },
      "imports": [],
      "versionPragmas": [
        "^0.8.1"
      ],
      "artifacts": [
        "Address"
      ]
    },
    "E:\\project\\upwork\\chainfuse\\contract\\contracts\\utils\\introspection\\ERC165.sol": {
      "lastModificationDate": 1670097250148,
      "contentHash": "0e7db055ce108f9da7bb6686a00287c0",
      "sourceName": "contracts/utils/introspection/ERC165.sol",
      "solcConfig": {
        "version": "0.8.17",
        "settings": {
          "optimizer": {
            "enabled": false,
            "runs": 200
          },
          "outputSelection": {
            "*": {
              "*": [
                "abi",
                "evm.bytecode",
                "evm.deployedBytecode",
                "evm.methodIdentifiers",
                "metadata"
              ],
              "": [
                "ast"
              ]
            }
          }
        }
      },
      "imports": [
        "./IERC165.sol"
      ],
      "versionPragmas": [
        "^0.8.0"
      ],
      "artifacts": [
        "ERC165"
      ]
    },
    "E:\\project\\upwork\\chainfuse\\contract\\node_modules\\hardhat\\console.sol": {
      "lastModificationDate": 1670007721727,
      "contentHash": "4ff3cd2f6272c9a6516e9ee4f2b967d3",
      "sourceName": "hardhat/console.sol",
      "solcConfig": {
        "version": "0.8.17",
        "settings": {
          "optimizer": {
            "enabled": false,
            "runs": 200
          },
          "outputSelection": {
            "*": {
              "*": [
                "abi",
                "evm.bytecode",
                "evm.deployedBytecode",
                "evm.methodIdentifiers",
                "metadata"
              ],
              "": [
                "ast"
              ]
            }
          }
        }
      },
      "imports": [],
      "versionPragmas": [
        ">= 0.4.22 <0.9.0"
      ],
      "artifacts": [
        "console"
      ]
    },
    "E:\\project\\upwork\\chainfuse\\contract\\node_modules\\@openzeppelin\\contracts\\utils\\Counters.sol": {
      "lastModificationDate": 1670098146491,
      "contentHash": "74654e3ae5d7f39555055dfe244dab7a",
      "sourceName": "@openzeppelin/contracts/utils/Counters.sol",
      "solcConfig": {
        "version": "0.8.17",
        "settings": {
          "optimizer": {
            "enabled": false,
            "runs": 200
          },
          "outputSelection": {
            "*": {
              "*": [
                "abi",
                "evm.bytecode",
                "evm.deployedBytecode",
                "evm.methodIdentifiers",
                "metadata"
              ],
              "": [
                "ast"
              ]
            }
          }
        }
      },
      "imports": [],
      "versionPragmas": [
        "^0.8.0"
      ],
      "artifacts": [
        "Counters"
      ]
    },
    "E:\\project\\upwork\\chainfuse\\contract\\node_modules\\@openzeppelin\\contracts\\utils\\Strings.sol": {
      "lastModificationDate": 1670098148623,
      "contentHash": "396031251978f8febfd90cb62cb240ec",
      "sourceName": "@openzeppelin/contracts/utils/Strings.sol",
      "solcConfig": {
        "version": "0.8.17",
        "settings": {
          "optimizer": {
            "enabled": false,
            "runs": 200
          },
          "outputSelection": {
            "*": {
              "*": [
                "abi",
                "evm.bytecode",
                "evm.deployedBytecode",
                "evm.methodIdentifiers",
                "metadata"
              ],
              "": [
                "ast"
              ]
            }
          }
        }
      },
      "imports": [
        "./math/Math.sol"
      ],
      "versionPragmas": [
        "^0.8.0"
      ],
      "artifacts": [
        "Strings"
      ]
    },
    "E:\\project\\upwork\\chainfuse\\contract\\node_modules\\@openzeppelin\\contracts\\security\\ReentrancyGuard.sol": {
      "lastModificationDate": 1670098148603,
      "contentHash": "a8e2d1c30042f64ed89c9d4157eb6cb9",
      "sourceName": "@openzeppelin/contracts/security/ReentrancyGuard.sol",
      "solcConfig": {
        "version": "0.8.17",
        "settings": {
          "optimizer": {
            "enabled": false,
            "runs": 200
          },
          "outputSelection": {
            "*": {
              "*": [
                "abi",
                "evm.bytecode",
                "evm.deployedBytecode",
                "evm.methodIdentifiers",
                "metadata"
              ],
              "": [
                "ast"
              ]
            }
          }
        }
      },
      "imports": [],
      "versionPragmas": [
        "^0.8.0"
      ],
      "artifacts": [
        "ReentrancyGuard"
      ]
    },
    "E:\\project\\upwork\\chainfuse\\contract\\node_modules\\@openzeppelin\\contracts\\utils\\math\\Math.sol": {
      "lastModificationDate": 1670098148574,
      "contentHash": "b9c58920ce74d6dc819161786112e7ee",
      "sourceName": "@openzeppelin/contracts/utils/math/Math.sol",
      "solcConfig": {
        "version": "0.8.17",
        "settings": {
          "optimizer": {
            "enabled": false,
            "runs": 200
          },
          "outputSelection": {
            "*": {
              "*": [
                "abi",
                "evm.bytecode",
                "evm.deployedBytecode",
                "evm.methodIdentifiers",
                "metadata"
              ],
              "": [
                "ast"
              ]
            }
          }
        }
      },
      "imports": [],
      "versionPragmas": [
        "^0.8.0"
      ],
      "artifacts": [
        "Math"
      ]
    },
    "E:\\project\\upwork\\chainfuse\\contract\\contracts\\Proxy.sol": {
      "lastModificationDate": 1670097250152,
      "contentHash": "278b81f90cef8e9763fe96cb8236b236",
      "sourceName": "contracts/Proxy.sol",
      "solcConfig": {
        "version": "0.8.17",
        "settings": {
          "optimizer": {
            "enabled": false,
            "runs": 200
          },
          "outputSelection": {
            "*": {
              "*": [
                "abi",
                "evm.bytecode",
                "evm.deployedBytecode",
                "evm.methodIdentifiers",
                "metadata"
              ],
              "": [
                "ast"
              ]
            }
          }
        }
      },
      "imports": [],
      "versionPragmas": [
        "^0.8.0"
      ],
      "artifacts": [
        "TestProxy"
      ]
    }
  }
}
